RunID,H,W,KH,KW,outH,outW,op,mode,padding,cval,sH,sW,time,gflops
SLURM_48340,1024,1024,3,3,1024,1024,conv,same,zero,0,1,1,0.006694591,2.819346
SLURM_48341,1024,1024,3,5,1024,1024,conv,same,zero,0,1,1,0.009326474,3.372902
SLURM_48342,1024,1024,3,7,1024,1024,conv,same,zero,0,1,1,0.011248508,3.915203
SLURM_48343,1024,1024,3,9,1024,1024,conv,same,zero,0,1,1,0.013698166,4.133627
SLURM_48344,1024,1024,3,11,1024,1024,conv,same,zero,0,1,1,0.016493195,4.196035
SLURM_48345,1024,1024,5,3,1024,1024,conv,same,zero,0,1,1,0.009586571,3.28139
SLURM_48346,1024,1024,5,5,1024,1024,conv,same,zero,0,1,1,0.014453818,3.627332
SLURM_48347,1024,1024,5,7,1024,1024,conv,same,zero,0,1,1,0.018275696,4.01628
SLURM_48348,1024,1024,5,9,1024,1024,conv,same,zero,0,1,1,0.025640295,3.680607
SLURM_48349,1024,1024,5,11,1024,1024,conv,same,zero,0,1,1,0.031028732,3.717308
SLURM_48350,1024,1024,7,3,1024,1024,conv,same,zero,0,1,1,0.013126813,3.35498
SLURM_48351,1024,1024,7,5,1024,1024,conv,same,zero,0,1,1,0.02113786,3.472457
SLURM_48352,1024,1024,7,7,1024,1024,conv,same,zero,0,1,1,0.030930992,3.322249
SLURM_48353,1024,1024,7,9,1024,1024,conv,same,zero,0,1,1,0.035387687,3.733518
SLURM_48354,1024,1024,7,11,1024,1024,conv,same,zero,0,1,1,0.043240343,3.734492
SLURM_48355,1024,1024,9,3,1024,1024,conv,same,zero,0,1,1,0.020038377,2.825733
SLURM_48356,1024,1024,9,5,1024,1024,conv,same,zero,0,1,1,0.030514661,3.092672
SLURM_48357,1024,1024,9,7,1024,1024,conv,same,zero,0,1,1,0.039845712,3.315804
SLURM_48358,1024,1024,9,9,1024,1024,conv,same,zero,0,1,1,0.049478573,3.433189
SLURM_48359,1024,1024,9,11,1024,1024,conv,same,zero,0,1,1,0.062122915,3.342053
SLURM_48360,1024,1024,11,3,1024,1024,conv,same,zero,0,1,1,0.027591882,2.508202
SLURM_48361,1024,1024,11,5,1024,1024,conv,same,zero,0,1,1,0.036858262,3.129376
SLURM_48362,1024,1024,11,7,1024,1024,conv,same,zero,0,1,1,0.046890376,3.443792
SLURM_48363,1024,1024,11,9,1024,1024,conv,same,zero,0,1,1,0.06053996,3.429438
SLURM_48364,1024,1024,11,11,1024,1024,conv,same,zero,0,1,1,0.077439416,3.276825
SLURM_48365,1024,2048,3,3,1024,2048,conv,same,zero,0,1,1,0.013234394,2.852321
SLURM_48366,1024,2048,3,5,1024,2048,conv,same,zero,0,1,1,0.017620978,3.570435
SLURM_48367,1024,2048,3,7,1024,2048,conv,same,zero,0,1,1,0.021667761,4.065043
SLURM_48368,1024,2048,3,9,1024,2048,conv,same,zero,0,1,1,0.026558458,4.264036
SLURM_48369,1024,2048,3,11,1024,2048,conv,same,zero,0,1,1,0.034156603,4.052277
SLURM_48370,1024,2048,5,3,1024,2048,conv,same,zero,0,1,1,0.019218744,3.273604
SLURM_48371,1024,2048,5,5,1024,2048,conv,same,zero,0,1,1,0.028328224,3.701524
SLURM_48372,1024,2048,5,7,1024,2048,conv,same,zero,0,1,1,0.035917759,4.087132
SLURM_48373,1024,2048,5,9,1024,2048,conv,same,zero,0,1,1,0.050352816,3.748424
SLURM_48374,1024,2048,5,11,1024,2048,conv,same,zero,0,1,1,0.061159262,3.771902
SLURM_48375,1024,2048,7,3,1024,2048,conv,same,zero,0,1,1,0.025372624,3.471473
SLURM_48376,1024,2048,7,5,1024,2048,conv,same,zero,0,1,1,0.041355307,3.549741
SLURM_48377,1024,2048,7,7,1024,2048,conv,same,zero,0,1,1,0.056259396,3.653095
SLURM_48378,1024,2048,7,9,1024,2048,conv,same,zero,0,1,1,0.069728421,3.789576
SLURM_48379,1024,2048,7,11,1024,2048,conv,same,zero,0,1,1,0.086166066,3.748128
SLURM_48380,1024,2048,9,3,1024,2048,conv,same,zero,0,1,1,0.037011922,3.059722
SLURM_48381,1024,2048,9,5,1024,2048,conv,same,zero,0,1,1,0.058050052,3.251396
SLURM_48382,1024,2048,9,7,1024,2048,conv,same,zero,0,1,1,0.077039775,3.429932
SLURM_48383,1024,2048,9,9,1024,2048,conv,same,zero,0,1,1,0.097218352,3.494594
SLURM_48384,1024,2048,9,11,1024,2048,conv,same,zero,0,1,1,0.123076448,3.373806
SLURM_48385,1024,2048,11,3,1024,2048,conv,same,zero,0,1,1,0.051912832,2.666239
SLURM_48386,1024,2048,11,5,1024,2048,conv,same,zero,0,1,1,0.070959365,3.250969
SLURM_48387,1024,2048,11,7,1024,2048,conv,same,zero,0,1,1,0.092275816,3.499957
SLURM_48388,1024,2048,11,9,1024,2048,conv,same,zero,0,1,1,0.120008937,3.460043
SLURM_48389,1024,2048,11,11,1024,2048,conv,same,zero,0,1,1,0.15404172,3.294632
SLURM_48390,1024,3072,3,3,1024,3072,conv,same,zero,0,1,1,0.019686955,2.876174
SLURM_48391,1024,3072,3,5,1024,3072,conv,same,zero,0,1,1,0.026828209,3.517635
SLURM_48392,1024,3072,3,7,1024,3072,conv,same,zero,0,1,1,0.032084876,4.117846
SLURM_48393,1024,3072,3,9,1024,3072,conv,same,zero,0,1,1,0.039462881,4.304534
SLURM_48394,1024,3072,3,11,1024,3072,conv,same,zero,0,1,1,0.049000962,4.23702
SLURM_48395,1024,3072,5,3,1024,3072,conv,same,zero,0,1,1,0.027920863,3.379976
SLURM_48396,1024,3072,5,5,1024,3072,conv,same,zero,0,1,1,0.04209256,3.736679
SLURM_48397,1024,3072,5,7,1024,3072,conv,same,zero,0,1,1,0.053723578,4.098777
SLURM_48398,1024,3072,5,9,1024,3072,conv,same,zero,0,1,1,0.075017698,3.773983
SLURM_48399,1024,3072,5,11,1024,3072,conv,same,zero,0,1,1,0.091200639,3.794163
SLURM_48400,1024,3072,7,3,1024,3072,conv,same,zero,0,1,1,0.037501426,3.523081
SLURM_48401,1024,3072,7,5,1024,3072,conv,same,zero,0,1,1,0.062006365,3.551264
SLURM_48402,1024,3072,7,7,1024,3072,conv,same,zero,0,1,1,0.084427329,3.65144
SLURM_48403,1024,3072,7,9,1024,3072,conv,same,zero,0,1,1,0.104277795,3.801018
SLURM_48404,1024,3072,7,11,1024,3072,conv,same,zero,0,1,1,0.128687066,3.764497
SLURM_48405,1024,3072,9,3,1024,3072,conv,same,zero,0,1,1,0.055437373,3.064166
SLURM_48406,1024,3072,9,5,1024,3072,conv,same,zero,0,1,1,0.087059258,3.251986
SLURM_48407,1024,3072,9,7,1024,3072,conv,same,zero,0,1,1,0.115313752,3.437246
SLURM_48408,1024,3072,9,9,1024,3072,conv,same,zero,0,1,1,0.145741453,3.496657
SLURM_48409,1024,3072,9,11,1024,3072,conv,same,zero,0,1,1,0.185145013,3.364142
SLURM_48410,1024,3072,11,3,1024,3072,conv,same,zero,0,1,1,0.078345479,2.650032
SLURM_48411,1024,3072,11,5,1024,3072,conv,same,zero,0,1,1,0.1056485,3.275296
SLURM_48412,1024,3072,11,7,1024,3072,conv,same,zero,0,1,1,0.138294188,3.502982
SLURM_48413,1024,3072,11,9,1024,3072,conv,same,zero,0,1,1,0.179491815,3.470098
SLURM_48414,1024,3072,11,11,1024,3072,conv,same,zero,0,1,1,0.231271376,3.291658
SLURM_48415,1024,4096,3,3,1024,4096,conv,same,zero,0,1,1,0.026189897,2.882694
SLURM_48416,1024,4096,3,5,1024,4096,conv,same,zero,0,1,1,0.034815496,3.61417
SLURM_48417,1024,4096,3,7,1024,4096,conv,same,zero,0,1,1,0.042641501,4.131205
SLURM_48418,1024,4096,3,9,1024,4096,conv,same,zero,0,1,1,0.052375543,4.324393
SLURM_48419,1024,4096,3,11,1024,4096,conv,same,zero,0,1,1,0.064577004,4.286728
SLURM_48420,1024,4096,5,3,1024,4096,conv,same,zero,0,1,1,0.037168823,3.38534
SLURM_48421,1024,4096,5,5,1024,4096,conv,same,zero,0,1,1,0.056360527,3.720959
SLURM_48422,1024,4096,5,7,1024,4096,conv,same,zero,0,1,1,0.071358116,4.114476
SLURM_48423,1024,4096,5,9,1024,4096,conv,same,zero,0,1,1,0.100080012,3.771856
SLURM_48424,1024,4096,5,11,1024,4096,conv,same,zero,0,1,1,0.121780933,3.788552
SLURM_48425,1024,4096,7,3,1024,4096,conv,same,zero,0,1,1,0.049897235,3.530472
SLURM_48426,1024,4096,7,5,1024,4096,conv,same,zero,0,1,1,0.082590184,3.554917
SLURM_48427,1024,4096,7,7,1024,4096,conv,same,zero,0,1,1,0.112112452,3.666335
SLURM_48428,1024,4096,7,9,1024,4096,conv,same,zero,0,1,1,0.13873857,3.809195
SLURM_48429,1024,4096,7,11,1024,4096,conv,same,zero,0,1,1,0.170895616,3.779634
SLURM_48430,1024,4096,9,3,1024,4096,conv,same,zero,0,1,1,0.073407153,3.085427
SLURM_48431,1024,4096,9,5,1024,4096,conv,same,zero,0,1,1,0.115130132,3.278789
SLURM_48432,1024,4096,9,7,1024,4096,conv,same,zero,0,1,1,0.153330817,3.44668
SLURM_48433,1024,4096,9,9,1024,4096,conv,same,zero,0,1,1,0.19345394,3.512346
SLURM_48434,1024,4096,9,11,1024,4096,conv,same,zero,0,1,1,0.246898348,3.36362
SLURM_48435,1024,4096,11,3,1024,4096,conv,same,zero,0,1,1,0.102357609,2.70448
SLURM_48436,1024,4096,11,5,1024,4096,conv,same,zero,0,1,1,0.139974854,3.296117
SLURM_48437,1024,4096,11,7,1024,4096,conv,same,zero,0,1,1,0.183783979,3.514576
SLURM_48438,1024,4096,11,9,1024,4096,conv,same,zero,0,1,1,0.238992811,3.474884
SLURM_48439,1024,4096,11,11,1024,4096,conv,same,zero,0,1,1,0.30811574,3.294287
SLURM_48440,2048,1024,3,3,2048,1024,conv,same,zero,0,1,1,0.013306924,2.836774
SLURM_48441,2048,1024,3,5,2048,1024,conv,same,zero,0,1,1,0.019099863,3.29398
SLURM_48442,2048,1024,3,7,2048,1024,conv,same,zero,0,1,1,0.022929716,3.84132
SLURM_48443,2048,1024,3,9,2048,1024,conv,same,zero,0,1,1,0.0270964,4.179382
SLURM_48444,2048,1024,3,11,2048,1024,conv,same,zero,0,1,1,0.032567233,4.25004
SLURM_48445,2048,1024,5,3,2048,1024,conv,same,zero,0,1,1,0.018745628,3.356226
SLURM_48446,2048,1024,5,5,2048,1024,conv,same,zero,0,1,1,0.028505574,3.678495
SLURM_48447,2048,1024,5,7,2048,1024,conv,same,zero,0,1,1,0.036681711,4.002012
SLURM_48448,2048,1024,5,9,2048,1024,conv,same,zero,0,1,1,0.050427807,3.742849
SLURM_48449,2048,1024,5,11,2048,1024,conv,same,zero,0,1,1,0.061144072,3.772839
SLURM_48450,2048,1024,7,3,2048,1024,conv,same,zero,0,1,1,0.025506325,3.453276
SLURM_48451,2048,1024,7,5,2048,1024,conv,same,zero,0,1,1,0.041578427,3.530692
SLURM_48452,2048,1024,7,7,2048,1024,conv,same,zero,0,1,1,0.056252676,3.653531
SLURM_48453,2048,1024,7,9,2048,1024,conv,same,zero,0,1,1,0.070092552,3.769889
SLURM_48454,2048,1024,7,11,2048,1024,conv,same,zero,0,1,1,0.086044055,3.753442
SLURM_48455,2048,1024,9,3,2048,1024,conv,same,zero,0,1,1,0.0392453,2.885599
SLURM_48456,2048,1024,9,5,2048,1024,conv,same,zero,0,1,1,0.060995532,3.094385
SLURM_48457,2048,1024,9,7,2048,1024,conv,same,zero,0,1,1,0.07854147,3.364352
SLURM_48458,2048,1024,9,9,2048,1024,conv,same,zero,0,1,1,0.098574396,3.44652
SLURM_48459,2048,1024,9,11,2048,1024,conv,same,zero,0,1,1,0.123202528,3.370354
SLURM_48460,2048,1024,11,3,2048,1024,conv,same,zero,0,1,1,0.054555751,2.537075
SLURM_48461,2048,1024,11,5,2048,1024,conv,same,zero,0,1,1,0.073649924,3.132206
SLURM_48462,2048,1024,11,7,2048,1024,conv,same,zero,0,1,1,0.092745397,3.482237
SLURM_48463,2048,1024,11,9,2048,1024,conv,same,zero,0,1,1,0.119859096,3.464369
SLURM_48464,2048,1024,11,11,2048,1024,conv,same,zero,0,1,1,0.15419917,3.291268
SLURM_48465,2048,2048,3,3,2048,2048,conv,same,zero,0,1,1,0.025787885,2.927633
SLURM_48466,2048,2048,3,5,2048,2048,conv,same,zero,0,1,1,0.034832796,3.612375
SLURM_48467,2048,2048,3,7,2048,2048,conv,same,zero,0,1,1,0.04238211,4.156489
SLURM_48468,2048,2048,3,9,2048,2048,conv,same,zero,0,1,1,0.052305023,4.330223
SLURM_48469,2048,2048,3,11,2048,2048,conv,same,zero,0,1,1,0.064657195,4.281412
SLURM_48470,2048,2048,5,3,2048,2048,conv,same,zero,0,1,1,0.036883113,3.411565
SLURM_48471,2048,2048,5,5,2048,2048,conv,same,zero,0,1,1,0.056213956,3.730661
SLURM_48472,2048,2048,5,7,2048,2048,conv,same,zero,0,1,1,0.071370946,4.113737
SLURM_48473,2048,2048,5,9,2048,2048,conv,same,zero,0,1,1,0.100206332,3.767101
SLURM_48474,2048,2048,5,11,2048,2048,conv,same,zero,0,1,1,0.121733313,3.790034
SLURM_48475,2048,2048,7,3,2048,2048,conv,same,zero,0,1,1,0.050208086,3.508613
SLURM_48476,2048,2048,7,5,2048,2048,conv,same,zero,0,1,1,0.082377023,3.564116
SLURM_48477,2048,2048,7,7,2048,2048,conv,same,zero,0,1,1,0.112105082,3.666576
SLURM_48478,2048,2048,7,9,2048,2048,conv,same,zero,0,1,1,0.138605409,3.812855
SLURM_48479,2048,2048,7,11,2048,2048,conv,same,zero,0,1,1,0.171791989,3.759912
SLURM_48480,2048,2048,9,3,2048,2048,conv,same,zero,0,1,1,0.072775001,3.112228
SLURM_48481,2048,2048,9,5,2048,2048,conv,same,zero,0,1,1,0.11475294,3.289566
SLURM_48482,2048,2048,9,7,2048,2048,conv,same,zero,0,1,1,0.153350268,3.446243
SLURM_48483,2048,2048,9,9,2048,2048,conv,same,zero,0,1,1,0.194839755,3.487365
SLURM_48484,2048,2048,9,11,2048,2048,conv,same,zero,0,1,1,0.246315956,3.371573
SLURM_48485,2048,2048,11,3,2048,2048,conv,same,zero,0,1,1,0.102028448,2.713205
SLURM_48486,2048,2048,11,5,2048,2048,conv,same,zero,0,1,1,0.139072191,3.31751
SLURM_48487,2048,2048,11,7,2048,2048,conv,same,zero,0,1,1,0.183763649,3.514965
SLURM_48488,2048,2048,11,9,2048,2048,conv,same,zero,0,1,1,0.238946221,3.475561
SLURM_48489,2048,2048,11,11,2048,2048,conv,same,zero,0,1,1,0.307974179,3.295801
SLURM_48490,2048,3072,3,3,2048,3072,conv,same,zero,0,1,1,0.038169966,2.966893
SLURM_48491,2048,3072,3,5,2048,3072,conv,same,zero,0,1,1,0.051737511,3.648101
SLURM_48492,2048,3072,3,7,2048,3072,conv,same,zero,0,1,1,0.063567901,4.156833
SLURM_48493,2048,3072,3,9,2048,3072,conv,same,zero,0,1,1,0.07847579,4.329216
SLURM_48494,2048,3072,3,11,2048,3072,conv,same,zero,0,1,1,0.096848321,4.287489
SLURM_48495,2048,3072,5,3,2048,3072,conv,same,zero,0,1,1,0.055072082,3.427212
SLURM_48496,2048,3072,5,5,2048,3072,conv,same,zero,0,1,1,0.083782197,3.75465
SLURM_48497,2048,3072,5,7,2048,3072,conv,same,zero,0,1,1,0.106488143,4.13569
SLURM_48498,2048,3072,5,9,2048,3072,conv,same,zero,0,1,1,0.150105617,3.772218
SLURM_48499,2048,3072,5,11,2048,3072,conv,same,zero,0,1,1,0.182371024,3.794792
SLURM_48500,2048,3072,7,3,2048,3072,conv,same,zero,0,1,1,0.074719318,3.53645
SLURM_48501,2048,3072,7,5,2048,3072,conv,same,zero,0,1,1,0.123169198,3.575585
SLURM_48502,2048,3072,7,7,2048,3072,conv,same,zero,0,1,1,0.167712116,3.676316
SLURM_48503,2048,3072,7,9,2048,3072,conv,same,zero,0,1,1,0.207592387,3.818654
SLURM_48504,2048,3072,7,11,2048,3072,conv,same,zero,0,1,1,0.256509729,3.777183
SLURM_48505,2048,3072,9,3,2048,3072,conv,same,zero,0,1,1,0.109105931,3.113842
SLURM_48506,2048,3072,9,5,2048,3072,conv,same,zero,0,1,1,0.172453191,3.28339
SLURM_48507,2048,3072,9,7,2048,3072,conv,same,zero,0,1,1,0.229804401,3.449557
SLURM_48508,2048,3072,9,9,2048,3072,conv,same,zero,0,1,1,0.28990846,3.515647
SLURM_48509,2048,3072,9,11,2048,3072,conv,same,zero,0,1,1,0.370423477,3.36293
SLURM_48510,2048,3072,11,3,2048,3072,conv,same,zero,0,1,1,0.154967983,2.679496
SLURM_48511,2048,3072,11,5,2048,3072,conv,same,zero,0,1,1,0.209216622,3.307864
SLURM_48512,2048,3072,11,7,2048,3072,conv,same,zero,0,1,1,0.275460492,3.517326
SLURM_48513,2048,3072,11,9,2048,3072,conv,same,zero,0,1,1,0.358193526,3.477752
SLURM_48514,2048,3072,11,11,2048,3072,conv,same,zero,0,1,1,0.462567892,3.291479
SLURM_48515,2048,4096,3,3,2048,4096,conv,same,zero,0,1,1,0.05149868,2.932016
SLURM_48516,2048,4096,3,5,2048,4096,conv,same,zero,0,1,1,0.06949457,3.621265
SLURM_48517,2048,4096,3,7,2048,4096,conv,same,zero,0,1,1,0.085794814,4.10656
SLURM_48518,2048,4096,3,9,2048,4096,conv,same,zero,0,1,1,0.106322472,4.260481
SLURM_48519,2048,4096,3,11,2048,4096,conv,same,zero,0,1,1,0.129418689,4.277961
SLURM_48520,2048,4096,5,3,2048,4096,conv,same,zero,0,1,1,0.073069852,3.444078
SLURM_48521,2048,4096,5,5,2048,4096,conv,same,zero,0,1,1,0.111220788,3.771151
SLURM_48522,2048,4096,5,7,2048,4096,conv,same,zero,0,1,1,0.141489106,4.150161
SLURM_48523,2048,4096,5,9,2048,4096,conv,same,zero,0,1,1,0.199353049,3.787124
SLURM_48524,2048,4096,5,11,2048,4096,conv,same,zero,0,1,1,0.24463404,3.771948
SLURM_48525,2048,4096,7,3,2048,4096,conv,same,zero,0,1,1,0.099314679,3.547527
SLURM_48526,2048,4096,7,5,2048,4096,conv,same,zero,0,1,1,0.166139741,3.53439
SLURM_48527,2048,4096,7,7,2048,4096,conv,same,zero,0,1,1,0.222549587,3.693934
SLURM_48528,2048,4096,7,9,2048,4096,conv,same,zero,0,1,1,0.275865773,3.831445
SLURM_48529,2048,4096,7,11,2048,4096,conv,same,zero,0,1,1,0.342497334,3.771841
SLURM_48530,2048,4096,9,3,2048,4096,conv,same,zero,0,1,1,0.144436658,3.136218
SLURM_48531,2048,4096,9,5,2048,4096,conv,same,zero,0,1,1,0.228744578,3.300514
SLURM_48532,2048,4096,9,7,2048,4096,conv,same,zero,0,1,1,0.305323741,3.461783
SLURM_48533,2048,4096,9,9,2048,4096,conv,same,zero,0,1,1,0.384200722,3.537095
SLURM_48534,2048,4096,9,11,2048,4096,conv,same,zero,0,1,1,0.483377871,3.43612
SLURM_48535,2048,4096,11,3,2048,4096,conv,same,zero,0,1,1,0.201261736,2.750886
SLURM_48536,2048,4096,11,5,2048,4096,conv,same,zero,0,1,1,0.279775096,3.298174
SLURM_48537,2048,4096,11,7,2048,4096,conv,same,zero,0,1,1,0.367722858,3.513096
SLURM_48538,2048,4096,11,9,2048,4096,conv,same,zero,0,1,1,0.48021595,3.458745
SLURM_48539,2048,4096,11,11,2048,4096,conv,same,zero,0,1,1,0.61599742,3.295538
SLURM_48540,3072,1024,3,3,3072,1024,conv,same,zero,0,1,1,0.019469624,2.908279
SLURM_48541,3072,1024,3,5,3072,1024,conv,same,zero,0,1,1,0.027685002,3.408771
SLURM_48542,3072,1024,3,7,3072,1024,conv,same,zero,0,1,1,0.033708451,3.919509
SLURM_48543,3072,1024,3,9,3072,1024,conv,same,zero,0,1,1,0.040356433,4.209225
SLURM_48544,3072,1024,3,11,3072,1024,conv,same,zero,0,1,1,0.048907191,4.245144
SLURM_48545,3072,1024,5,3,3072,1024,conv,same,zero,0,1,1,0.027909983,3.381293
SLURM_48546,3072,1024,5,5,3072,1024,conv,same,zero,0,1,1,0.04239606,3.70993
SLURM_48547,3072,1024,5,7,3072,1024,conv,same,zero,0,1,1,0.054038519,4.074889
SLURM_48548,3072,1024,5,9,3072,1024,conv,same,zero,0,1,1,0.075250989,3.762283
SLURM_48549,3072,1024,5,11,3072,1024,conv,same,zero,0,1,1,0.091417773,3.785151
SLURM_48550,3072,1024,7,3,3072,1024,conv,same,zero,0,1,1,0.037782975,3.496828
SLURM_48551,3072,1024,7,5,3072,1024,conv,same,zero,0,1,1,0.062292386,3.534958
SLURM_48552,3072,1024,7,7,3072,1024,conv,same,zero,0,1,1,0.08469,3.640115
SLURM_48553,3072,1024,7,9,3072,1024,conv,same,zero,0,1,1,0.104926668,3.777512
SLURM_48554,3072,1024,7,11,3072,1024,conv,same,zero,0,1,1,0.128905046,3.758131
SLURM_48555,3072,1024,9,3,3072,1024,conv,same,zero,0,1,1,0.058670304,2.89532
SLURM_48556,3072,1024,9,5,3072,1024,conv,same,zero,0,1,1,0.091297262,3.10103
SLURM_48557,3072,1024,9,7,3072,1024,conv,same,zero,0,1,1,0.118284882,3.350908
SLURM_48558,3072,1024,9,9,3072,1024,conv,same,zero,0,1,1,0.147660169,3.451221
SLURM_48559,3072,1024,9,11,3072,1024,conv,same,zero,0,1,1,0.185070103,3.365504
SLURM_48560,3072,1024,11,3,3072,1024,conv,same,zero,0,1,1,0.081524799,2.546686
SLURM_48561,3072,1024,11,5,3072,1024,conv,same,zero,0,1,1,0.110736646,3.124802
SLURM_48562,3072,1024,11,7,3072,1024,conv,same,zero,0,1,1,0.138841909,3.489163
SLURM_48563,3072,1024,11,9,3072,1024,conv,same,zero,0,1,1,0.179599295,3.468021
SLURM_48564,3072,1024,11,11,3072,1024,conv,same,zero,0,1,1,0.230876624,3.297286
SLURM_48565,3072,2048,3,3,3072,2048,conv,same,zero,0,1,1,0.038368827,2.951516
SLURM_48566,3072,2048,3,5,3072,2048,conv,same,zero,0,1,1,0.051685061,3.651803
SLURM_48567,3072,2048,3,7,3072,2048,conv,same,zero,0,1,1,0.063536729,4.158872
SLURM_48568,3072,2048,3,9,3072,2048,conv,same,zero,0,1,1,0.078136028,4.348041
SLURM_48569,3072,2048,3,11,3072,2048,conv,same,zero,0,1,1,0.09645909,4.30479
SLURM_48570,3072,2048,5,3,3072,2048,conv,same,zero,0,1,1,0.055042262,3.429068
SLURM_48571,3072,2048,5,5,3072,2048,conv,same,zero,0,1,1,0.083842088,3.751968
SLURM_48572,3072,2048,5,7,3072,2048,conv,same,zero,0,1,1,0.107372716,4.101619
SLURM_48573,3072,2048,5,9,3072,2048,conv,same,zero,0,1,1,0.149807726,3.779719
SLURM_48574,3072,2048,5,11,3072,2048,conv,same,zero,0,1,1,0.182699305,3.787974
SLURM_48575,3072,2048,7,3,3072,2048,conv,same,zero,0,1,1,0.074554047,3.54429
SLURM_48576,3072,2048,7,5,3072,2048,conv,same,zero,0,1,1,0.12373253,3.559306
SLURM_48577,3072,2048,7,7,3072,2048,conv,same,zero,0,1,1,0.167598785,3.678802
SLURM_48578,3072,2048,7,9,3072,2048,conv,same,zero,0,1,1,0.207619217,3.81816
SLURM_48579,3072,2048,7,11,3072,2048,conv,same,zero,0,1,1,0.26262044,3.689295
SLURM_48580,3072,2048,9,3,3072,2048,conv,same,zero,0,1,1,0.108529459,3.130382
SLURM_48581,3072,2048,9,5,3072,2048,conv,same,zero,0,1,1,0.171830049,3.295297
SLURM_48582,3072,2048,9,7,3072,2048,conv,same,zero,0,1,1,0.229277849,3.457479
SLURM_48583,3072,2048,9,9,3072,2048,conv,same,zero,0,1,1,0.290573392,3.507602
SLURM_48584,3072,2048,9,11,3072,2048,conv,same,zero,0,1,1,0.412914638,3.016866
SLURM_48585,3072,2048,11,3,3072,2048,conv,same,zero,0,1,1,0.152502665,2.722812
SLURM_48586,3072,2048,11,5,3072,2048,conv,same,zero,0,1,1,0.208098329,3.32564
SLURM_48587,3072,2048,11,7,3072,2048,conv,same,zero,0,1,1,0.277201508,3.495234
SLURM_48588,3072,2048,11,9,3072,2048,conv,same,zero,0,1,1,0.360759285,3.453018
SLURM_48589,3072,2048,11,11,3072,2048,conv,same,zero,0,1,1,0.46203434,3.29528
SLURM_48590,3072,3072,3,3,3072,3072,conv,same,zero,0,1,1,0.056781078,2.991654
SLURM_48591,3072,3072,3,5,3072,3072,conv,same,zero,0,1,1,0.077282946,3.663363
SLURM_48592,3072,3072,3,7,3072,3072,conv,same,zero,0,1,1,0.094761544,4.182728
SLURM_48593,3072,3072,3,9,3072,3072,conv,same,zero,0,1,1,0.117063918,4.353245
SLURM_48594,3072,3072,3,11,3072,3072,conv,same,zero,0,1,1,0.1450803,4.293168
SLURM_48595,3072,3072,5,3,3072,3072,conv,same,zero,0,1,1,0.082203852,3.444066
SLURM_48596,3072,3072,5,5,3072,3072,conv,same,zero,0,1,1,0.125005114,3.774719
SLURM_48597,3072,3072,5,7,3072,3072,conv,same,zero,0,1,1,0.159806399,4.13377
SLURM_48598,3072,3072,5,9,3072,3072,conv,same,zero,0,1,1,0.224342713,3.785933
SLURM_48599,3072,3072,5,11,3072,3072,conv,same,zero,0,1,1,0.280218668,3.704572
SLURM_48600,3072,3072,7,3,3072,3072,conv,same,zero,0,1,1,0.113832417,3.481976
SLURM_48601,3072,3072,7,5,3072,3072,conv,same,zero,0,1,1,0.185758726,3.556241
SLURM_48602,3072,3072,7,7,3072,3072,conv,same,zero,0,1,1,0.25081879,3.6873
SLURM_48603,3072,3072,7,9,3072,3072,conv,same,zero,0,1,1,0.311019,3.823191
SLURM_48604,3072,3072,7,11,3072,3072,conv,same,zero,0,1,1,0.385704567,3.767978
SLURM_48605,3072,3072,9,3,3072,3072,conv,same,zero,0,1,1,0.162722639,3.131758
SLURM_48606,3072,3072,9,5,3072,3072,conv,same,zero,0,1,1,0.257336062,3.300535
SLURM_48607,3072,3072,9,7,3072,3072,conv,same,zero,0,1,1,0.34435049,3.453125
SLURM_48608,3072,3072,9,9,3072,3072,conv,same,zero,0,1,1,0.435173981,3.513132
SLURM_48609,3072,3072,9,11,3072,3072,conv,same,zero,0,1,1,0.555458199,3.364002
SLURM_48610,3072,3072,11,3,3072,3072,conv,same,zero,0,1,1,0.231184415,2.694187
SLURM_48611,3072,3072,11,5,3072,3072,conv,same,zero,0,1,1,0.323336481,3.210557
SLURM_48612,3072,3072,11,7,3072,3072,conv,same,zero,0,1,1,0.412730176,3.52125
SLURM_48613,3072,3072,11,9,3072,3072,conv,same,zero,0,1,1,0.546359999,3.420021
SLURM_48614,3072,3072,11,11,3072,3072,conv,same,zero,0,1,1,0.692365243,3.298546
SLURM_48615,3072,4096,3,3,3072,4096,conv,same,zero,0,1,1,0.078965751,2.868236
SLURM_48616,3072,4096,3,5,3072,4096,conv,same,zero,0,1,1,0.103576103,3.644541
SLURM_48617,3072,4096,3,7,3072,4096,conv,same,zero,0,1,1,0.140794637,3.753568
SLURM_48618,3072,4096,3,9,3072,4096,conv,same,zero,0,1,1,0.155578545,4.367423
SLURM_48619,3072,4096,3,11,3072,4096,conv,same,zero,0,1,1,0.192338067,4.317773
SLURM_48620,3072,4096,5,3,3072,4096,conv,same,zero,0,1,1,0.109145274,3.458577
SLURM_48621,3072,4096,5,5,3072,4096,conv,same,zero,0,1,1,0.166359494,3.781844
SLURM_48622,3072,4096,5,7,3072,4096,conv,same,zero,0,1,1,0.212268939,4.149471
SLURM_48623,3072,4096,5,9,3072,4096,conv,same,zero,0,1,1,0.29914213,3.785699
SLURM_48624,3072,4096,5,11,3072,4096,conv,same,zero,0,1,1,0.363980074,3.802737
SLURM_48625,3072,4096,7,3,3072,4096,conv,same,zero,0,1,1,0.148362998,3.56209
SLURM_48626,3072,4096,7,5,3072,4096,conv,same,zero,0,1,1,0.245312678,3.590535
SLURM_48627,3072,4096,7,7,3072,4096,conv,same,zero,0,1,1,0.334327572,3.688375
SLURM_48628,3072,4096,7,9,3072,4096,conv,same,zero,0,1,1,0.414584958,3.824179
SLURM_48629,3072,4096,7,11,3072,4096,conv,same,zero,0,1,1,0.514071835,3.769451
SLURM_48630,3072,4096,9,3,3072,4096,conv,same,zero,0,1,1,0.21605949,3.144862
SLURM_48631,3072,4096,9,5,3072,4096,conv,same,zero,0,1,1,0.342649774,3.305013
SLURM_48632,3072,4096,9,7,3072,4096,conv,same,zero,0,1,1,0.459123495,3.453204
SLURM_48633,3072,4096,9,9,3072,4096,conv,same,zero,0,1,1,0.580601843,3.510894
SLURM_48634,3072,4096,9,11,3072,4096,conv,same,zero,0,1,1,0.740462796,3.364675
SLURM_48635,3072,4096,11,3,3072,4096,conv,same,zero,0,1,1,0.303776231,2.733829
SLURM_48636,3072,4096,11,5,3072,4096,conv,same,zero,0,1,1,0.416279002,3.324982
SLURM_48637,3072,4096,11,7,3072,4096,conv,same,zero,0,1,1,0.552296579,3.508565
SLURM_48638,3072,4096,11,9,3072,4096,conv,same,zero,0,1,1,0.721954479,3.450933
SLURM_48639,3072,4096,11,11,3072,4096,conv,same,zero,0,1,1,0.923776233,3.296323
SLURM_48640,4096,1024,3,3,4096,1024,conv,same,zero,0,1,1,0.025751515,2.931768
SLURM_48641,4096,1024,3,5,4096,1024,conv,same,zero,0,1,1,0.037096263,3.391962
SLURM_48642,4096,1024,3,7,4096,1024,conv,same,zero,0,1,1,0.045035119,3.911631
SLURM_48643,4096,1024,3,9,4096,1024,conv,same,zero,0,1,1,0.053733928,4.215073
SLURM_48644,4096,1024,3,11,4096,1024,conv,same,zero,0,1,1,0.064561044,4.287788
SLURM_48645,4096,1024,5,3,4096,1024,conv,same,zero,0,1,1,0.036943013,3.406033
SLURM_48646,4096,1024,5,5,4096,1024,conv,same,zero,0,1,1,0.056512367,3.710961
SLURM_48647,4096,1024,5,7,4096,1024,conv,same,zero,0,1,1,0.07248352,4.050594
SLURM_48648,4096,1024,5,9,4096,1024,conv,same,zero,0,1,1,0.100008101,3.774568
SLURM_48649,4096,1024,5,11,4096,1024,conv,same,zero,0,1,1,0.121643643,3.792828
SLURM_48650,4096,1024,7,3,4096,1024,conv,same,zero,0,1,1,0.050405147,3.494896
SLURM_48651,4096,1024,7,5,4096,1024,conv,same,zero,0,1,1,0.082549123,3.556686
SLURM_48652,4096,1024,7,7,4096,1024,conv,same,zero,0,1,1,0.1120313,3.668991
SLURM_48653,4096,1024,7,9,4096,1024,conv,same,zero,0,1,1,0.139277471,3.794456
SLURM_48654,4096,1024,7,11,4096,1024,conv,same,zero,0,1,1,0.17140061,3.768498
SLURM_48655,4096,1024,9,3,4096,1024,conv,same,zero,0,1,1,0.078030299,2.902621
SLURM_48656,4096,1024,9,5,4096,1024,conv,same,zero,0,1,1,0.121690443,3.10203
SLURM_48657,4096,1024,9,7,4096,1024,conv,same,zero,0,1,1,0.156473708,3.377451
SLURM_48658,4096,1024,9,9,4096,1024,conv,same,zero,0,1,1,0.196704632,3.454302
SLURM_48659,4096,1024,9,11,4096,1024,conv,same,zero,0,1,1,0.24658033,3.367958
SLURM_48660,4096,1024,11,3,4096,1024,conv,same,zero,0,1,1,0.108008247,2.56299
SLURM_48661,4096,1024,11,5,4096,1024,conv,same,zero,0,1,1,0.147403598,3.130001
SLURM_48662,4096,1024,11,7,4096,1024,conv,same,zero,0,1,1,0.184759261,3.496024
SLURM_48663,4096,1024,11,9,4096,1024,conv,same,zero,0,1,1,0.239278204,3.470739
SLURM_48664,4096,1024,11,11,4096,1024,conv,same,zero,0,1,1,0.307844385,3.29719
SLURM_48665,4096,2048,3,3,4096,2048,conv,same,zero,0,1,1,0.052589978,2.871173
SLURM_48666,4096,2048,3,5,4096,2048,conv,same,zero,0,1,1,0.071088375,3.540076
SLURM_48667,4096,2048,3,7,4096,2048,conv,same,zero,0,1,1,0.084945775,4.147605
SLURM_48668,4096,2048,3,9,4096,2048,conv,same,zero,0,1,1,0.104381946,4.339686
SLURM_48669,4096,2048,3,11,4096,2048,conv,same,zero,0,1,1,0.128632438,4.30411
SLURM_48670,4096,2048,5,3,4096,2048,conv,same,zero,0,1,1,0.074436241,3.380856
SLURM_48671,4096,2048,5,5,4096,2048,conv,same,zero,0,1,1,0.115187532,3.641283
SLURM_48672,4096,2048,5,7,4096,2048,conv,same,zero,0,1,1,0.14835761,3.958021
SLURM_48673,4096,2048,5,9,4096,2048,conv,same,zero,0,1,1,0.20076879,3.760419
SLURM_48674,4096,2048,5,11,4096,2048,conv,same,zero,0,1,1,0.244409522,3.775413
SLURM_48675,4096,2048,7,3,4096,2048,conv,same,zero,0,1,1,0.099052144,3.55693
SLURM_48676,4096,2048,7,5,4096,2048,conv,same,zero,0,1,1,0.166970848,3.516797
SLURM_48677,4096,2048,7,7,4096,2048,conv,same,zero,0,1,1,0.223182753,3.683455
SLURM_48678,4096,2048,7,9,4096,2048,conv,same,zero,0,1,1,0.277205249,3.812931
SLURM_48679,4096,2048,7,11,4096,2048,conv,same,zero,0,1,1,0.341549178,3.782312
SLURM_48680,4096,2048,9,3,4096,2048,conv,same,zero,0,1,1,0.142388976,3.18132
SLURM_48681,4096,2048,9,5,4096,2048,conv,same,zero,0,1,1,0.227469182,3.31902
SLURM_48682,4096,2048,9,7,4096,2048,conv,same,zero,0,1,1,0.305051827,3.464869
SLURM_48683,4096,2048,9,9,4096,2048,conv,same,zero,0,1,1,0.385878668,3.521714
SLURM_48684,4096,2048,9,11,4096,2048,conv,same,zero,0,1,1,0.480005457,3.460261
SLURM_48685,4096,2048,11,3,4096,2048,conv,same,zero,0,1,1,0.202101945,2.73945
SLURM_48686,4096,2048,11,5,4096,2048,conv,same,zero,0,1,1,0.280120511,3.294107
SLURM_48687,4096,2048,11,7,4096,2048,conv,same,zero,0,1,1,0.370934772,3.482676
SLURM_48688,4096,2048,11,9,4096,2048,conv,same,zero,0,1,1,0.476789454,3.483601
SLURM_48689,4096,2048,11,11,4096,2048,conv,same,zero,0,1,1,0.615641694,3.297443
SLURM_48690,4096,3072,3,3,4096,3072,conv,same,zero,0,1,1,0.075836667,2.986582
SLURM_48691,4096,3072,3,5,4096,3072,conv,same,zero,0,1,1,0.102945241,3.666875
SLURM_48692,4096,3072,3,7,4096,3072,conv,same,zero,0,1,1,0.126315728,4.18382
SLURM_48693,4096,3072,3,9,4096,3072,conv,same,zero,0,1,1,0.155864892,4.359399
SLURM_48694,4096,3072,3,11,4096,3072,conv,same,zero,0,1,1,0.192728386,4.309029
SLURM_48695,4096,3072,5,3,4096,3072,conv,same,zero,0,1,1,0.109369408,3.451489
SLURM_48696,4096,3072,5,5,4096,3072,conv,same,zero,0,1,1,0.166597327,3.776445
SLURM_48697,4096,3072,5,7,4096,3072,conv,same,zero,0,1,1,0.212689349,4.141269
SLURM_48698,4096,3072,5,9,4096,3072,conv,same,zero,0,1,1,0.29904167,3.786971
SLURM_48699,4096,3072,5,11,4096,3072,conv,same,zero,0,1,1,0.364567335,3.796611
SLURM_48700,4096,3072,7,3,4096,3072,conv,same,zero,0,1,1,0.14835274,3.562336
SLURM_48701,4096,3072,7,5,4096,3072,conv,same,zero,0,1,1,0.245110255,3.593501
SLURM_48702,4096,3072,7,7,4096,3072,conv,same,zero,0,1,1,0.334379049,3.687807
SLURM_48703,4096,3072,7,9,4096,3072,conv,same,zero,0,1,1,0.413930771,3.830222
SLURM_48704,4096,3072,7,11,4096,3072,conv,same,zero,0,1,1,0.513856568,3.77103
SLURM_48705,4096,3072,9,3,4096,3072,conv,same,zero,0,1,1,0.216751067,3.134828
SLURM_48706,4096,3072,9,5,4096,3072,conv,same,zero,0,1,1,0.341066576,3.320355
SLURM_48707,4096,3072,9,7,4096,3072,conv,same,zero,0,1,1,0.458108536,3.460854
SLURM_48708,4096,3072,9,9,4096,3072,conv,same,zero,0,1,1,0.578045668,3.52642
SLURM_48709,4096,3072,9,11,4096,3072,conv,same,zero,0,1,1,0.738145637,3.375237
SLURM_48710,4096,3072,11,3,4096,3072,conv,same,zero,0,1,1,0.307663707,2.699286
SLURM_48711,4096,3072,11,5,4096,3072,conv,same,zero,0,1,1,0.416145331,3.32605
SLURM_48712,4096,3072,11,7,4096,3072,conv,same,zero,0,1,1,0.551577987,3.513136
SLURM_48713,4096,3072,11,9,4096,3072,conv,same,zero,0,1,1,0.714611419,3.486393
SLURM_48714,4096,3072,11,11,4096,3072,conv,same,zero,0,1,1,0.924260025,3.294597
SLURM_48715,4096,4096,3,3,4096,4096,conv,same,zero,0,1,1,0.104715908,2.883897
SLURM_48716,4096,4096,3,5,4096,4096,conv,same,zero,0,1,1,0.143894322,3.49782
SLURM_48717,4096,4096,3,7,4096,4096,conv,same,zero,0,1,1,0.181382219,3.884852
SLURM_48718,4096,4096,3,9,4096,4096,conv,same,zero,0,1,1,0.210684291,4.300129
SLURM_48719,4096,4096,3,11,4096,4096,conv,same,zero,0,1,1,0.263565002,4.201226
SLURM_48720,4096,4096,5,3,4096,4096,conv,same,zero,0,1,1,0.146232962,3.441881
SLURM_48721,4096,4096,5,5,4096,4096,conv,same,zero,0,1,1,0.22480688,3.731473
SLURM_48722,4096,4096,5,7,4096,4096,conv,same,zero,0,1,1,0.289427431,4.057684
SLURM_48723,4096,4096,5,9,4096,4096,conv,same,zero,0,1,1,0.398197145,3.791965
SLURM_48724,4096,4096,5,11,4096,4096,conv,same,zero,0,1,1,0.485614011,3.800331
SLURM_48725,4096,4096,7,3,4096,4096,conv,same,zero,0,1,1,0.202751808,3.475397
SLURM_48726,4096,4096,7,5,4096,4096,conv,same,zero,0,1,1,0.330372071,3.554795
SLURM_48727,4096,4096,7,7,4096,4096,conv,same,zero,0,1,1,0.443794826,3.704791
SLURM_48728,4096,4096,7,9,4096,4096,conv,same,zero,0,1,1,0.551903478,3.830252
SLURM_48729,4096,4096,7,11,4096,4096,conv,same,zero,0,1,1,0.680546307,3.796496
SLURM_48730,4096,4096,9,3,4096,4096,conv,same,zero,0,1,1,0.286433538,3.162932
SLURM_48731,4096,4096,9,5,4096,4096,conv,same,zero,0,1,1,0.450124392,3.354516
SLURM_48732,4096,4096,9,7,4096,4096,conv,same,zero,0,1,1,0.603801755,3.501032
SLURM_48733,4096,4096,9,9,4096,4096,conv,same,zero,0,1,1,0.765919333,3.548558
SLURM_48734,4096,4096,9,11,4096,4096,conv,same,zero,0,1,1,0.965039786,3.44223
SLURM_48735,4096,4096,11,3,4096,4096,conv,same,zero,0,1,1,0.402342613,2.752123
SLURM_48736,4096,4096,11,5,4096,4096,conv,same,zero,0,1,1,0.556666508,3.315259
SLURM_48737,4096,4096,11,7,4096,4096,conv,same,zero,0,1,1,0.734644823,3.516926
SLURM_48738,4096,4096,11,9,4096,4096,conv,same,zero,0,1,1,0.956784221,3.471931
SLURM_48739,4096,4096,11,11,4096,4096,conv,same,zero,0,1,1,1.23122002,3.297612
